{"cameraMode":{"drawMode":0,"name":"Shaded","section":"Shading Mode"},"sceneLighting":false,"audioPlay":false,"sceneViewState":{"m_AlwaysRefresh":false,"showFog":true,"showSkybox":false,"showFlares":true,"showImageEffects":true,"showParticleSystems":true,"showVisualEffectGraphs":true,"m_FxEnabled":true},"in2DMode":false,"pivot":{"x":-0.3810749053955078,"y":0.23707008361816407,"z":0.17478370666503907},"rotation":{"x":-0.1688757836818695,"y":0.03755611181259155,"z":-0.006440662778913975,"w":-0.9849218726158142},"size":9.869878768920899,"orthographic":true}