{"cameraMode":{"drawMode":0,"name":"Shaded","section":"Shading Mode"},"sceneLighting":false,"audioPlay":false,"sceneViewState":{"m_AlwaysRefresh":false,"showFog":true,"showSkybox":false,"showFlares":true,"showImageEffects":true,"showParticleSystems":true,"showVisualEffectGraphs":true,"m_FxEnabled":true},"in2DMode":false,"pivot":{"x":-0.25860071182250979,"y":0.7179403305053711,"z":-0.06420516967773438},"rotation":{"x":-0.1688757836818695,"y":0.03755611181259155,"z":-0.006440662778913975,"w":-0.9849218726158142},"size":11.513291358947754,"orthographic":true}