{"cameraMode":{"drawMode":0,"name":"Shaded","section":"Shading Mode"},"sceneLighting":false,"audioPlay":false,"sceneViewState":{"m_AlwaysRefresh":false,"showFog":true,"showSkybox":false,"showFlares":true,"showImageEffects":true,"showParticleSystems":true,"showVisualEffectGraphs":true,"m_FxEnabled":true},"in2DMode":false,"pivot":{"x":-18.70745849609375,"y":12.378461837768555,"z":11.363597869873047},"rotation":{"x":-0.1688757836818695,"y":0.03755611181259155,"z":-0.006440662778913975,"w":-0.9849218726158142},"size":26.846574783325197,"orthographic":true}