{"cameraMode":{"drawMode":0,"name":"Shaded","section":"Shading Mode"},"sceneLighting":false,"audioPlay":false,"sceneViewState":{"m_AlwaysRefresh":false,"showFog":true,"showSkybox":false,"showFlares":true,"showImageEffects":true,"showParticleSystems":true,"showVisualEffectGraphs":true,"m_FxEnabled":true},"in2DMode":false,"pivot":{"x":0.2852020263671875,"y":2.4522650241851808,"z":-0.2579364776611328},"rotation":{"x":-0.1688757836818695,"y":0.03755611181259155,"z":-0.006440662778913975,"w":-0.9849218726158142},"size":13.317403793334961,"orthographic":true}