{"cameraMode":{"drawMode":0,"name":"Shaded","section":"Shading Mode"},"sceneLighting":false,"audioPlay":false,"sceneViewState":{"m_AlwaysRefresh":false,"showFog":true,"showSkybox":false,"showFlares":true,"showImageEffects":true,"showParticleSystems":true,"showVisualEffectGraphs":true,"m_FxEnabled":true},"in2DMode":false,"pivot":{"x":-1.7955951690673829,"y":7.777928352355957,"z":11.363930702209473},"rotation":{"x":-0.1688757836818695,"y":0.03755611181259155,"z":-0.006440662778913975,"w":-0.9849218726158142},"size":45.212730407714847,"orthographic":true}